DISTRICT,PROVISIONAL_LICENCES_MALE,PROVISIONAL_LICENCES_FEMALE,FULL_LICENCES_MALE,FULL_LICENCES_FEMALE
AB01,70,77,189,126
AB02,24,33,103,54
AB03,6,9,33,39
AB04,3,3,28,23
AB09,29,18,67,11
AB10,1538,1551,7448,6072
AB11,1899,1983,6379,4355
AB12,1185,1534,10574,9460
AB13,99,121,1434,1429
AB14,213,262,1949,1809
AB15,1413,1865,15747,14842
AB16,2247,2890,8302,6393
AB21,901,1094,9276,8282
AB22,580,738,6277,5752
AB23,432,468,4794,4396
AB24,3121,3163,9323,5961
AB25,1509,1419,5124,3725
AB30,198,242,3007,2774
AB31,449,495,6490,6179
AB32,438,533,5640,5454
AB33,120,161,2364,2112
AB34,163,197,2205,2134
AB35,102,108,1017,907
AB36,19,21,234,211
AB37,34,48,547,464
AB38,116,176,1731,1545
AB39,667,732,6855,6499
AB41,559,800,8547,8071
AB42,1506,1748,12516,11060
AB43,1041,1256,8284,7312
AB44,179,229,1358,1205
AB45,420,506,4100,3711
AB51,1010,1244,14167,13346
AB52,126,169,2121,1936
AB53,323,412,4835,4249
AB54,383,496,4266,3799
AB55,270,434,3447,2986
AB56,641,720,5176,4741
AL01,2037,2207,14303,12789
AL02,925,1099,9714,9168
AL03,1224,1365,11106,10734
AL04,1008,1192,10830,10628
AL05,1158,1219,12354,12120
AL06,356,375,5212,5121
AL07,2082,2485,12419,11228
AL08,575,701,5025,4871
AL09,437,510,4923,4600
AL10,3709,3120,11651,8137
B01,964,833,2223,1236
B02,76,62,99,48
B03,196,183,681,423
B04,293,161,306,102
B05,1326,1454,3083,1854
B06,2790,3059,4790,2449
B07,1071,1442,1858,1110
B08,5068,5829,10562,5798
B09,2865,3601,6033,3450
B10,3339,3776,6503,3375
B11,5603,6243,11633,6375
B12,2841,2848,4748,2462
B13,2982,3578,12551,9711
B14,3215,3962,13180,10964
B15,1632,1709,5096,3898
B16,2925,3052,6440,3984
B17,1839,2142,8571,7188
B18,2101,2623,3790,2380
B19,3213,3558,4689,2484
B20,3948,4488,10451,7221
B21,4935,4981,7498,4247
B23,4133,5128,13103,9898
B24,2280,2811,9003,6941
B25,1522,1972,4824,3250
B26,2074,2617,11382,9021
B27,2249,2678,7738,5599
B28,1825,2357,11023,9053
B29,3312,3830,9618,7656
B30,1944,2334,9087,8228
B31,4228,5501,17217,14518
B32,2944,4231,11399,9229
B33,3011,4069,10046,7312
B34,1383,1848,5984,4711
B35,856,1175,2419,2068
B36,2439,3324,11596,9394
B37,2927,3755,10710,8679
B38,1607,2069,6093,5191
B42,1662,2013,7952,6649
B43,1435,1878,10698,9219
B44,2835,3811,10909,8652
B45,1921,2481,10689,9263
B46,432,470,5115,4738
B47,253,296,4014,3968
B48,187,172,2367,2240
B49,325,427,4206,3994
B50,193,218,2575,2437
B60,937,1060,10539,9872
B61,1071,1269,9444,8823
B62,1018,1247,9148,8147
B63,1709,2274,12778,10980
B64,1036,1391,5516,4444
B65,1543,2106,7715,6073
B66,3120,3473,5906,3527
B67,3099,3673,8970,6247
B68,2313,3020,10302,8001
B69,2134,2867,9127,6901
B70,2949,3664,8532,5277
B71,2343,3022,9627,7131
B72,434,420,3865,3424
B73,955,1068,8925,8184
B74,871,1078,13062,12331
B75,1128,1418,9951,9490
B76,942,897,9203,8040
B77,2774,3927,20222,17157
B78,981,1197,9277,8162
B79,1031,1295,8602,7265
B80,249,275,2824,2625
B90,1747,2025,18401,17190
B91,1232,1406,13633,12890
B92,1731,2041,14004,12356
B93,523,577,8001,7932
B94,144,175,3335,3181
B95,192,197,2592,2552
B96,97,144,2243,2143
B97,1328,1635,12412,10974
B98,2908,3863,17461,14329
BA01,2494,2823,14140,12803
BA02,4056,4472,23990,21859
BA03,1395,1424,14053,13054
BA04,637,770,7286,6650
BA05,730,755,7198,6990
BA06,663,653,5218,5117
BA07,112,139,1389,1455
BA08,134,168,1765,1656
BA09,254,328,3219,2979
BA10,150,180,1327,1311
BA11,1395,1709,12572,12015
BA12,1162,1442,11390,10444
BA13,816,946,7860,7335
BA14,2405,2592,18430,16969
BA15,499,590,5191,5267
BA16,617,647,4870,4489
BA20,503,577,4327,3661
BA21,1707,2166,12470,10722
BA22,470,519,7458,7000
BB01,4450,5929,21449,15763
BB02,3877,4830,19325,15177
BB03,1901,2393,11626,9787
BB04,1882,2423,15193,13601
BB05,3759,4685,20037,16324
BB06,689,789,5406,4810
BB07,1102,1204,13407,12801
BB08,1151,1381,8114,7215
BB09,2833,3488,14735,11052
BB10,2239,2746,12770,10233
BB11,1632,2026,7243,5685
BB12,1790,2079,12435,10678
BB18,642,830,6365,5632
BD01,645,428,980,408
BD02,1911,2455,9636,7841
BD03,3471,4034,8153,4653
BD04,2422,3256,8356,6375
BD05,2969,3510,7347,4179
BD06,1897,2573,9325,7661
BD07,3542,3695,9346,5611
BD08,2903,3488,8149,4790
BD09,2104,2898,8292,5855
BD10,1429,1875,8906,7905
BD11,408,532,4101,3864
BD12,865,1166,5830,4972
BD13,1164,1403,9560,8689
BD14,422,586,2785,2408
BD15,885,1219,5431,4606
BD16,1065,1240,9440,8681
BD17,721,838,6879,6291
BD18,1725,2209,8673,7138
BD19,949,1161,8036,7234
BD20,1257,1601,14059,13009
BD21,1908,2578,7248,5137
BD22,1446,1864,10517,9342
BD23,1063,1222,11745,10966
BD24,180,219,2103,1950
BH01,2127,1975,7132,4755
BH02,872,731,3337,2177
BH02O,0,0,1,0
BH03,311,324,2170,1840
BH04,493,514,3807,3211
BH05,727,747,3940,3115
BH06,1016,1126,8611,8437
BH07,686,718,4287,3938
BH08,1953,2015,9777,8246
BH09,1695,1771,10237,9318
BH10,844,1012,7463,6912
BH11,1080,1286,7111,6513
BH12,1908,2148,12679,11279
BH13,151,214,3453,3276
BH14,994,989,9598,8968
BH15,1653,1801,12553,11259
BH16,589,771,6110,5859
BH17,893,1166,8541,8044
BH18,264,236,5081,4882
BH19,446,567,4393,3990
BH20,999,804,8621,7521
BH21,1015,1168,16744,16765
BH22,673,686,11423,10966
BH23,1935,1975,21172,20710
BH24,733,711,10034,9821
BH25,853,956,9893,9717
BH31,294,307,5400,5446
BL00,661,783,6553,6324
BL01,4374,4984,21623,16853
BL02,2854,3404,15425,13152
BL03,4994,5892,20834,14711
BL04,2326,2999,10854,8379
BL05,1110,1248,10221,9374
BL06,1330,1545,11539,10542
BL07,404,492,6245,6018
BL08,1487,1765,13632,12489
BL09,3399,4114,16669,13341
BN01,7003,6764,26272,21888
BN02,7877,8330,27751,22317
BN03,6189,6323,28117,24083
BN05,205,255,3248,3255
BN06,663,700,7087,7163
BN07,1265,1498,6967,6809
BN08,525,585,6484,6441
BN09,849,1090,4586,3923
BN10,1025,1217,7117,6267
BN11,2155,2347,11115,9561
BN12,839,983,8373,8155
BN13,1251,1380,10891,10419
BN14,1522,1655,11370,10751
BN15,1357,1568,10152,9062
BN16,907,1011,11255,11333
BN17,1659,2030,11148,9852
BN18,549,513,5384,5182
BN20,848,1054,7846,7697
BN21,1710,1816,8433,7088
BN22,2060,2533,10911,9804
BN23,1341,1730,10254,9209
BN24,294,338,4025,3929
BN25,971,1223,9038,8541
BN26,453,525,4830,4618
BN27,1145,1376,11485,11054
BN41,1530,1704,6789,6338
BN42,570,657,3685,3295
BN43,1240,1291,8540,8027
BN44,324,381,4056,4070
BN45,26,19,262,255
BR01,4500,5366,20161,18082
BR02,2631,2877,17754,16692
BR03,2759,3267,18351,17040
BR04,985,882,7595,7292
BR05,2973,3836,16017,14779
BR06,2163,2478,18103,17313
BR07,721,882,7199,6926
BR08,1106,1417,8485,7670
BS01,1136,995,3715,2210
BS02,1873,1942,4757,3176
BS03,2533,2824,12945,10849
BS04,3264,4136,16770,13864
BS05,5164,5510,17659,13178
BS06,2112,2237,10719,9617
BS07,2851,3020,13785,11319
BS08,1503,1518,8469,7395
BS09,1309,1352,12155,11442
BS10,1928,2580,9617,7985
BS11,1316,1567,6095,4840
BS12,18,14,105,52
BS13,2080,2811,9502,7670
BS14,1362,1591,10702,9634
BS15,2072,2436,17904,15839
BS16,3954,4328,29130,25993
BS17,16,17,88,62
BS18,15,14,79,61
BS20,962,1175,12668,11903
BS21,763,996,9150,8768
BS22,1455,1846,14511,13112
BS23,2309,2637,11984,9423
BS24,742,973,8775,8214
BS25,178,158,2679,2535
BS26,148,146,2062,2032
BS27,216,225,2982,2888
BS28,72,71,1451,1415
BS29,78,101,1145,1026
BS30,892,1057,11644,11116
BS31,745,931,8398,7895
BS32,1029,1099,9353,8494
BS34,1722,1975,12361,10498
BS35,742,840,9587,8873
BS36,479,484,6533,6316
BS37,1428,1764,15349,14104
BS38,0,0,1,0
BS39,443,514,6694,6275
BS40,298,324,5541,5456
BS41,166,204,2432,2331
BS45,0,0,1,1
BS48,728,848,9349,9033
BS49,383,420,4725,4629
CA01,1515,1833,7596,6091
CA02,2059,2772,13015,10733
CA03,486,576,5261,4760
CA04,183,252,3979,3844
CA05,189,202,2992,2928
CA06,267,336,3831,3370
CA07,694,901,8801,8075
CA08,291,414,4140,3811
CA09,69,102,865,769
CA10,339,432,5968,5575
CA11,843,1036,8356,7545
CA12,317,352,3068,2735
CA13,465,624,6073,5658
CA14,1583,2187,12562,10508
CA15,716,970,5637,4711
CA16,144,166,2569,2426
CA17,122,169,2017,1792
CA18,12,4,117,119
CA19,27,29,456,425
CA20,78,90,1362,1219
CA21,22,21,323,282
CA22,443,570,3160,2623
CA23,54,64,567,482
CA24,32,56,402,325
CA25,295,411,1927,1617
CA26,147,204,1314,1154
CA27,43,63,656,569
CA28,1415,1742,9750,8000
CB01,3856,4080,16369,13961
CB02,1585,1703,7559,6693
CB03,1162,1328,6488,5862
CB04,3793,4093,16132,13245
CB05,1099,1221,4937,4074
CB06,1335,1649,14698,13430
CB07,1106,1224,10368,9469
CB08,1542,1645,12443,11313
CB09,1554,2103,11490,9864
CB10,547,660,5783,5456
CB11,659,768,7326,6946
CB21,437,478,5383,5014
CB22,736,748,8307,7685
CB23,1075,1263,11555,10938
CB24,1052,1146,11696,10811
CB25,495,513,6149,5714
CF01,87,68,150,52
CF02,48,43,132,45
CF03,2719,3511,13796,12608
CF04,46,37,151,111
CF05,4005,4886,21283,19409
CF06,84,74,134,63
CF07,13,8,65,48
CF08,53,44,150,106
CF09,0,0,1,0
CF10,1472,1274,4144,2469
CF11,3476,3369,11395,8109
CF14,3220,3615,26411,24987
CF15,561,671,7070,7000
CF23,2390,2870,15897,15011
CF24,5375,4705,12092,8336
CF31,1962,2389,16035,14654
CF32,1431,1804,10882,9362
CF33,771,1005,5004,4318
CF34,1033,1374,6723,5385
CF35,485,595,7143,6668
CF36,534,657,6214,5801
CF37,2270,2509,12332,9927
CF38,745,977,8776,8238
CF39,1381,1961,9717,7974
CF40,1068,1473,6577,5200
CF41,519,712,3559,2759
CF42,713,938,4307,3442
CF43,698,1000,3719,2745
CF44,1987,2754,13626,11176
CF45,1184,1526,6144,4785
CF46,610,870,5181,4561
CF47,1326,1869,6773,5182
CF48,1413,1872,9062,7462
CF61,491,572,3695,3490
CF62,2018,2419,14849,14177
CF63,1484,1705,6655,5918
CF64,1566,1723,13641,13232
CF71,210,222,3951,3902
CF72,840,1066,10041,9655
CF81,975,1325,5217,3899
CF82,947,1199,7038,6086
CF83,2719,3439,18150,16105
CH01,2216,2460,9521,7591
CH02,1629,1990,12727,11331
CH03,1224,1359,14147,13422
CH04,1588,2007,12484,11518
CH05,2172,2643,15150,12911
CH06,913,1211,5849,4984
CH07,1735,2258,19202,18002
CH08,921,1211,7749,6759
CH14,0,0,1,0
CH41,1829,2097,4599,3314
CH42,2628,3035,8778,7133
CH43,2209,2408,12961,11454
CH44,2422,2795,8296,6618
CH45,1746,1950,10657,9638
CH46,1533,1833,8359,7417
CH47,427,505,4164,4061
CH48,588,603,5847,5783
CH49,1448,1771,10142,9670
CH51,0,0,0,1
CH60,331,309,5405,5394
CH61,566,658,6611,6499
CH62,1603,1882,10179,9236
CH63,1169,1377,10952,10586
CH64,613,698,7607,7303
CH65,1976,2397,9088,7563
CH66,1508,1822,13167,12168
CM00,604,731,6975,6211
CM01,3326,3753,24242,21813
CM02,2530,3038,22872,20647
CM03,1620,1945,22691,21537
CM04,334,346,4402,4321
CM05,338,377,4611,4404
CM06,745,881,11536,11089
CM07,2261,2836,18341,15966
CM08,1559,2027,12115,10821
CM09,1210,1513,13711,12609
CM11,665,789,7984,7479
CM12,706,707,8244,7919
CM13,955,1108,10147,9430
CM14,974,1213,7966,7239
CM15,803,953,9495,9206
CM16,825,938,9288,8773
CM17,907,1193,9068,8482
CM18,1804,2204,8765,7102
CM19,1429,1702,7848,6219
CM20,1947,2336,8193,6256
CM21,360,421,4668,4276
CM22,480,508,6537,6099
CM23,1814,2043,15952,14711
CM24,284,343,3204,2968
CM77,457,561,6069,5871
CO01,1356,1531,5541,4251
CO02,2243,2837,13030,11082
CO03,1402,1558,11730,10868
CO04,2987,3532,17054,14511
CO05,831,1011,11699,10964
CO06,818,981,11521,11074
CO07,1190,1324,13765,12769
CO08,68,70,978,942
CO09,897,1053,10307,9460
CO10,1884,2225,18665,17117
CO11,399,535,5284,5035
CO12,1064,1387,8218,6899
CO13,376,477,4998,4686
CO14,270,363,2436,2030
CO15,2279,2733,15455,12802
CO16,1098,1264,9850,8758
CR00,17721,19952,51857,40721
CR02,3105,3614,18309,16504
CR03,1314,1538,11252,10833
CR04,8685,8560,21218,14603
CR05,1415,1717,11593,11077
CR06,364,417,4039,3857
CR07,7077,7030,14724,10753
CR08,1948,2194,12592,11616
CR09,56,40,62,22
CT01,2305,2546,8120,6634
CT02,1872,2034,8725,7550
CT03,826,986,7378,6862
CT04,621,658,6973,6852
CT05,1387,1561,12443,11940
CT06,1654,1875,14639,13691
CT07,389,496,4614,4253
CT08,428,482,2681,2504
CT09,3412,3722,13897,11599
CT10,1305,1407,9134,8561
CT11,2255,2470,9593,8214
CT12,1163,1387,6402,5565
CT13,368,431,3422,3125
CT14,1667,1987,12836,11467
CT15,469,603,5402,4896
CT16,1328,1432,6838,5516
CT17,1552,1767,6687,5402
CT18,494,508,5835,5494
CT19,1941,2270,9277,7841
CT20,1552,1748,8036,6235
CT21,636,732,6699,6434
CV01,4722,3684,7083,3075
CV02,5809,7198,20693,15368
CV03,4525,5527,23951,18984
CV04,2398,2765,10293,8062
CV05,2411,2769,17452,14981
CV06,7944,9441,29353,21351
CV07,1116,1409,11414,10458
CV08,1078,1190,12565,11890
CV09,891,1128,8459,7332
CV10,2606,3614,19004,16088
CV11,2002,2427,14741,12160
CV12,1466,2004,11251,9584
CV13,261,316,4673,4372
CV21,2443,2939,13961,10454
CV22,1573,1882,14257,12660
CV23,693,811,9836,9108
CV31,2072,2271,10749,8512
CV32,1567,1751,12033,10454
CV33,221,235,3041,2924
CV34,1447,1757,12420,11230
CV35,627,777,10903,10653
CV36,279,335,4076,3894
CV37,1729,2090,16975,16152
CV47,569,686,7536,7101
CW01,2562,2970,14019,11696
CW02,2241,2375,14972,12732
CW03,254,321,3794,3656
CW04,249,282,4225,4230
CW05,993,1059,12043,11574
CW06,277,360,5599,5494
CW07,1827,2266,11473,9997
CW08,1240,1482,15325,14482
CW09,1324,1453,13402,12044
CW10,466,580,6143,5692
CW11,790,850,10108,9793
CW12,1063,1202,12265,11474
DA01,3919,4927,21106,17513
DA02,1063,1369,8669,7990
DA03,575,592,6925,6711
DA04,342,376,3830,3562
DA05,871,942,8089,7701
DA06,591,712,3791,3332
DA07,1709,2074,13019,11736
DA08,3150,3934,11086,9217
DA09,737,854,5222,4577
DA10,505,674,3066,2537
DA11,2797,3248,13618,10599
DA12,3282,3755,16883,14060
DA13,355,419,6146,5880
DA14,1163,1487,7714,7270
DA15,1280,1541,10789,9856
DA16,2234,2872,13208,11285
DA17,1593,1953,6067,4899
DA18,763,927,1380,948
DD01,1137,1000,2270,1503
DD02,2615,3230,12729,11211
DD03,2688,3085,11045,8737
DD04,3273,3937,12588,10431
DD05,1003,1154,12258,11872
DD06,386,504,3474,3380
DD07,464,591,4731,4398
DD08,1078,1416,10697,9587
DD09,505,657,4027,3608
DD10,898,1120,7803,6963
DD11,1332,1661,9816,8452
DE01,1442,1273,4034,2291
DE02,23,17,62,26
DE03,536,712,6865,6367
DE04,1158,1471,13324,12278
DE05,825,1175,8190,7293
DE06,741,858,10480,9844
DE07,2386,3153,17713,14873
DE11,1888,2446,16726,14779
DE12,681,860,8577,7773
DE13,1366,1765,16062,14755
DE14,2343,2662,10676,7497
DE15,1254,1505,8497,7072
DE21,2996,3948,19774,16730
DE22,2668,3083,15667,13279
DE23,5118,5497,18921,14010
DE24,3853,5240,17954,13812
DE45,226,270,3314,3209
DE55,2090,2694,18979,16355
DE56,1305,1582,15163,14085
DE65,661,820,9253,8762
DE72,594,832,8161,7633
DE73,583,785,7814,7371
DE74,429,480,4744,4175
DE75,874,1060,6433,5585
DG01,1167,1355,9991,9087
DG02,1325,1731,7746,6877
DG03,170,236,1811,1707
DG04,206,307,1486,1126
DG05,218,244,1946,1805
DG06,265,286,1906,1806
DG07,442,514,4680,4510
DG08,471,625,4788,4320
DG09,783,938,5595,4906
DG10,161,202,1505,1335
DG11,473,596,5061,4577
DG12,662,805,4338,3726
DG13,114,140,1079,966
DG14,38,40,565,504
DG16,149,207,1402,1247
DH01,2116,2370,13714,12262
DH02,1352,2000,10715,9009
DH03,1269,1706,9018,7602
DH04,1668,2098,11919,10123
DH05,1012,1555,6862,5450
DH06,1504,2151,12075,10325
DH07,1830,2641,14578,12577
DH08,1749,2355,13710,11856
DH09,1994,2722,11820,9403
DL01,2889,3954,15161,11670
DL02,463,547,7221,7096
DL03,2333,2812,14926,12908
DL04,603,778,3094,2342
DL05,1536,1997,9989,8579
DL06,540,663,5876,5453
DL07,348,472,5965,5854
DL08,396,535,7825,7396
DL09,1993,1272,5253,3555
DL10,601,798,7084,6737
DL11,111,119,2178,2089
DL12,352,466,4774,4367
DL13,406,548,5476,4788
DL14,1701,2324,12780,10774
DL15,924,1312,7781,6593
DL16,869,1175,7673,6557
DL17,895,1294,6086,4810
DN01,1206,1008,2617,1089
DN02,1752,2116,7935,5918
DN03,1121,1536,11077,9588
DN04,3102,3743,18412,14634
DN05,1944,2606,13678,11696
DN06,1876,2497,10088,8071
DN07,1112,1562,7659,6270
DN08,1002,1377,6135,4717
DN09,600,718,8600,8203
DN10,327,405,5213,4854
DN11,1375,1858,10050,8649
DN12,1580,2110,7337,5614
DN14,2013,2821,17452,14577
DN15,2580,2672,12189,9333
DN16,1672,2022,10525,8853
DN17,1753,2245,13040,11256
DN18,523,733,4611,3843
DN19,170,212,2563,2301
DN20,595,728,7532,6672
DN21,1743,2314,13720,11992
DN22,1364,1748,13437,12199
DN31,848,1004,2451,1570
DN32,2506,2744,7723,5607
DN33,1294,1501,6479,5485
DN34,1137,1455,6416,5152
DN35,1959,2383,11051,9074
DN36,549,691,8170,7543
DN37,887,1097,8051,7232
DN38,74,109,1159,1057
DN39,90,106,1151,1001
DN40,669,915,4650,3562
DN41,150,189,2584,2467
DT01,851,1036,7427,7029
DT02,667,754,10619,10405
DT03,854,1018,9559,8900
DT04,2145,2341,13032,11304
DT05,711,841,4374,3808
DT06,757,858,8566,8464
DT07,225,228,2195,2111
DT08,164,216,2435,2369
DT09,685,815,8321,8235
DT10,302,365,4856,4630
DT11,1157,1209,12228,11046
DY01,2175,2687,10786,8530
DY02,2530,3219,10804,7986
DY03,1345,1708,12354,10783
DY04,3127,4173,13370,9895
DY05,2233,3022,13904,11247
DY06,796,1052,10949,10013
DY07,178,210,3256,3159
DY08,2044,2462,18486,16632
DY09,1382,1706,11096,9794
DY10,1693,2045,13193,11761
DY11,1416,1754,11536,10015
DY12,347,432,5073,4694
DY13,806,1016,8876,8086
DY14,208,207,3683,3394
E01,11665,9009,18340,9326
E01W,1135,1273,4789,3147
E02,5947,5910,12487,7675
E03,7266,7396,16269,10577
E04,4842,5449,22919,19233
E05,7605,7776,12583,8572
E06,17625,13768,24497,12926
E07,13045,9224,16505,8648
E08,5822,6293,11112,7981
E09,5933,6591,9903,7277
E10,8209,6936,14920,8725
E11,7147,6802,19070,13922
E12,9828,7187,12687,6636
E13,10497,8217,13910,7434
E14,10540,10959,26758,15846
E15,9880,8784,16087,9067
E16,7799,8221,15770,9597
E17,15910,14750,34968,23423
E18,1451,1564,7277,6281
E20,442,541,1722,1074
EC01,16,6,21,6
EC01A,83,67,348,203
EC01M,109,97,465,262
EC01N,321,347,718,385
EC01R,576,664,1527,1027
EC01V,1646,1685,3798,2260
EC01Y,398,409,1072,642
EC02A,129,111,568,297
EC02M,22,9,160,31
EC02N,4,3,31,6
EC02V,4,5,94,26
EC02Y,200,191,1450,1009
EC03N,33,27,143,58
EC03R,22,15,63,29
EC03V,4,1,54,18
EC04A,48,25,142,85
EC04M,17,15,128,52
EC04P,0,0,9,4
EC04R,6,5,43,13
EC04V,29,27,177,99
EC04Y,20,15,119,69
EC47,0,0,4,0
EH00,1,5,1,3
EH01,594,533,1457,1025
EH02,113,106,427,248
EH03,1852,1934,7457,6316
EH04,3832,4303,18060,16147
EH05,1587,1905,6474,5418
EH06,3376,3551,12237,9826
EH07,2830,3090,10287,8079
EH08,1876,1952,5848,4666
EH09,1391,1524,6383,5966
EH10,1960,1892,13001,11601
EH11,3799,3851,10301,7674
EH12,1958,2463,14208,13170
EH13,929,1039,4847,4387
EH14,2727,2958,13340,11399
EH15,1390,1593,6957,6327
EH16,2497,2927,9358,7743
EH17,1456,1902,6242,5052
EH18,101,144,839,822
EH19,676,904,5290,4928
EH20,348,497,2361,1978
EH21,1559,1873,8347,7440
EH22,1828,2357,10992,9651
EH23,480,659,3262,2929
EH24,78,131,731,705
EH25,154,211,1251,1177
EH26,878,1169,6084,5437
EH27,143,156,1091,1018
EH28,150,201,1317,1163
EH29,200,280,1950,1825
EH30,453,656,3805,3501
EH31,83,87,1041,1037
EH32,936,1214,6988,6294
EH33,673,870,4776,4253
EH34,64,82,1016,1013
EH35,82,146,844,712
EH36,12,8,166,166
EH37,50,83,640,606
EH38,12,14,172,181
EH39,348,482,3797,3683
EH40,69,82,837,824
EH41,502,648,4818,4545
EH42,487,623,4206,3943
EH43,46,65,284,257
EH44,125,161,1279,1199
EH45,451,557,4091,3929
EH46,130,141,1488,1503
EH47,1456,2051,9244,7718
EH48,1784,2321,13460,11780
EH49,658,846,6082,5723
EH51,713,888,5209,4602
EH52,960,1321,7298,6291
EH53,476,593,4244,3871
EH54,3649,4675,18386,15775
EH55,425,530,3084,2614
EN01,3695,4496,15523,13445
EN02,1702,2204,10977,9915
EN03,6100,7872,17816,13599
EN04,1624,1851,10072,9090
EN05,2627,3233,14394,12968
EN06,1307,1476,11633,11062
EN07,852,948,8675,8269
EN08,2368,2795,13794,11441
EN09,1131,1319,9796,8642
EN10,731,865,6851,6432
EN11,1038,1120,8588,7579
EX01,1323,1544,7591,6833
EX02,2191,2647,15066,13707
EX03,164,159,1906,1967
EX04,3435,3855,16139,13520
EX05,658,767,9515,9267
EX06,385,432,6141,5898
EX07,620,730,5125,4746
EX08,1715,2043,13761,12720
EX09,159,233,2764,2762
EX10,526,665,6627,6690
EX11,239,276,3552,3575
EX12,268,403,3698,3523
EX13,396,479,5058,4876
EX14,661,832,8486,7922
EX15,762,846,8953,8404
EX16,1305,1551,12307,11395
EX17,728,871,7684,7262
EX18,103,95,1365,1317
EX19,65,106,1582,1474
EX20,711,908,8434,7830
EX21,119,99,1914,1811
EX22,323,391,4708,4260
EX23,594,654,6245,5894
EX24,103,131,1511,1509
EX31,899,1123,10246,9595
EX32,1343,1563,8300,7362
EX33,328,418,4038,3756
EX34,947,1094,6340,5446
EX35,79,71,693,634
EX36,312,364,3693,3395
EX37,78,88,1660,1549
EX38,312,361,3195,2959
EX39,1539,1901,14504,13440
FK01,1469,1895,9773,8338
FK02,2226,2784,17449,15577
FK03,991,1268,5392,4432
FK04,564,799,4776,4299
FK05,761,1039,7307,6871
FK06,658,866,4968,4288
FK07,1544,2136,10310,9485
FK08,1105,1213,6195,5512
FK09,597,778,4448,4089
FK10,1994,2595,12539,11102
FK11,104,125,1020,1028
FK12,237,302,1761,1591
FK13,297,357,2179,1867
FK14,187,196,1840,1806
FK15,433,499,4123,4028
FK16,79,97,930,890
FK17,153,176,1380,1286
FK18,4,8,102,82
FK19,24,30,260,210
FK20,29,45,165,119
FK21,43,53,402,341
FY01,3649,3705,9298,5920
FY02,1432,1601,8151,6975
FY03,2263,2747,10169,8670
FY04,2688,3348,14761,12394
FY05,1695,1936,16589,15145
FY06,793,923,11357,10758
FY07,1907,2136,8014,6395
FY08,1821,2041,17000,15845
G01,623,412,1528,819
G02,331,225,598,280
G03,1961,1676,4980,3306
G04,1365,1020,2650,1466
G05,1472,1243,3188,2014
G11,1631,1695,6069,5390
G12,1755,1667,8257,7420
G13,2332,2679,9837,8452
G14,1575,1791,5129,4262
G15,1787,2064,4021,3248
G20,3191,3385,7863,6029
G21,3330,3654,6607,4439
G22,1961,2281,4079,2881
G23,580,736,2116,1786
G31,2863,3021,5924,4137
G32,2654,3338,10836,8476
G33,3557,4244,12678,10558
G34,1095,1305,1748,1232
G40,1319,1553,3114,2029
G41,2758,2878,10760,8903
G42,3849,3266,8276,5625
G43,1273,1398,5467,4696
G44,1786,2215,9311,8372
G45,1746,2000,3359,2295
G46,1734,1941,8565,7938
G51,3012,2944,5873,3841
G52,2278,2845,8029,6687
G53,2892,3452,9765,8361
G60,266,296,1953,1857
G61,1055,1130,11212,11136
G62,595,640,5037,5023
G63,306,359,3854,3992
G64,1138,1461,9727,9295
G65,795,995,4621,3909
G66,1923,2383,13977,12926
G67,2687,3299,10441,8354
G68,789,915,7224,6871
G69,1775,2253,12426,11213
G71,1463,1871,10776,10057
G72,2903,3590,16938,14940
G73,2244,2622,9851,8575
G74,1907,2332,13334,11726
G75,2365,3074,13607,11997
G76,945,1098,8136,8130
G77,842,1023,9925,10170
G78,1429,1754,7878,7067
G81,2989,3683,11210,9358
G82,1584,1996,8733,7738
G83,1491,1968,8106,7092
G84,1176,1414,7850,7183
GL01,3207,3367,11188,7969
GL02,1984,2479,22208,20744
GL03,1257,1674,12630,11636
GL04,2415,3005,17140,15346
GL05,1500,1608,11556,10882
GL06,831,936,10073,9955
GL07,1657,1923,17559,16729
GL08,262,354,3550,3526
GL09,51,63,1106,1078
GL10,587,592,5644,5179
GL11,622,789,7295,6871
GL12,496,482,6222,5851
GL13,150,176,2543,2276
GL14,698,853,5823,5065
GL15,729,903,8446,7764
GL16,465,625,5376,4988
GL17,377,498,4706,4336
GL18,268,357,3386,3069
GL19,229,208,3720,3604
GL20,1074,1193,11282,10407
GL50,1278,1530,7648,6404
GL51,2768,3417,18417,15886
GL52,2074,2291,17360,16517
GL53,805,832,7821,7681
GL54,777,862,9974,9699
GL55,179,178,2333,2377
GL56,324,385,3808,3815
GU01,1987,2143,11615,10045
GU02,2231,2325,10506,8743
GU03,393,408,4731,4634
GU04,570,620,6633,6568
GU05,352,423,4411,4553
GU06,566,552,6022,5993
GU07,1107,1207,8722,8479
GU08,600,637,7134,7128
GU09,1158,1425,11470,11079
GU10,664,747,9809,9692
GU11,1826,2070,8806,6863
GU12,1545,1953,12343,10969
GU13,736,14,370,30
GU14,2989,3474,21540,18875
GU15,1854,2021,14280,12793
GU16,1045,973,9877,9028
GU17,713,493,5291,4177
GU18,145,179,3000,2983
GU19,226,222,2459,2362
GU20,122,137,1960,1929
GU21,2945,3263,19416,17085
GU22,1867,2191,14469,12851
GU23,231,240,2895,2823
GU24,828,760,7206,6944
GU25,384,404,2824,2847
GU26,249,246,3152,3063
GU27,708,850,6968,6771
GU28,257,256,2707,2649
GU29,306,422,3846,4006
GU30,374,421,4009,3979
GU31,384,437,4605,4518
GU32,517,612,4621,4447
GU33,273,338,3362,3292
GU34,1123,1346,12940,12395
GU35,1000,1170,9712,8734
GU46,381,432,6176,5907
GU47,644,748,7773,7319
GU51,785,755,9862,9330
GU52,447,508,7209,7102
HA00,12765,10472,18737,11444
HA01,4867,5042,15256,11104
HA02,6122,6731,21988,16743
HA03,8802,8533,29897,21787
HA04,2782,3236,19874,17842
HA05,2616,2951,18240,16862
HA06,1243,1562,9556,8913
HA07,3136,3385,15666,13038
HA08,8951,8624,27764,20332
HA09,10195,8356,19666,12570
HD01,2600,2315,6108,3706
HD02,2047,2693,9275,7635
HD03,1443,1949,10686,9719
HD04,1763,2308,9583,7920
HD05,1748,2335,9926,8392
HD06,1331,1532,9381,8470
HD07,984,1286,8374,7586
HD08,966,1211,12789,12199
HD09,1289,1560,13545,12643
HG01,1686,1964,12421,11300
HG02,1440,1616,11960,11519
HG03,895,1007,10905,10614
HG04,924,1188,9638,8981
HG05,641,731,7258,6871
HP01,1292,1473,9717,8862
HP02,2396,2988,14885,12683
HP03,1578,1875,12877,11555
HP04,889,888,9645,9522
HP05,1287,1510,10063,9177
HP06,628,644,5796,5722
HP07,413,485,4359,4189
HP08,227,248,2964,3040
HP09,628,700,7196,7235
HP10,588,673,7987,7925
HP11,1057,1157,5781,4627
HP12,1520,1842,8274,6444
HP13,2546,3128,16152,13603
HP14,577,615,7358,7024
HP15,447,535,7159,7016
HP16,341,380,4953,4953
HP17,323,342,4313,4201
HP18,596,710,7881,7566
HP19,1378,1812,9063,7711
HP20,997,1174,5369,4380
HP21,1851,2335,12376,10609
HP22,822,848,11210,11094
HP23,634,727,7075,6839
HP27,386,403,5173,5034
HR01,1288,1478,12482,11547
HR02,1822,2310,13890,12277
HR03,173,228,3166,3082
HR04,1286,1484,11035,10093
HR05,153,163,1876,1681
HR06,800,966,7933,7208
HR07,218,247,2940,2612
HR08,470,573,5563,5284
HR09,685,821,8528,7916
HS01,311,338,1502,1333
HS02,526,670,5205,4559
HS03,55,68,490,372
HS04,16,17,101,77
HS05,9,12,97,84
HS06,55,98,628,552
HS07,66,99,470,391
HS08,83,108,693,586
HS09,75,54,434,398
HU01,396,279,1004,463
HU02,456,426,1058,438
HU03,3342,3276,7318,4093
HU04,1485,1856,7669,6089
HU05,3795,3936,14421,11070
HU06,2835,3435,8801,6276
HU07,3167,3863,13874,11180
HU08,2261,2826,10926,8566
HU09,3366,4171,10820,7544
HU10,605,702,7520,7173
HU11,345,423,5148,4611
HU12,907,1147,9934,8872
HU13,661,860,5551,4909
HU14,221,232,3474,3427
HU15,640,815,9473,9010
HU16,591,703,6041,5598
HU17,1818,1980,16798,15504
HU18,386,480,3294,2878
HU19,446,531,2465,1692
HU20,24,25,371,368
HX01,2027,2544,6823,4307
HX02,2137,2818,12621,10708
HX03,2319,3021,16137,14056
HX04,423,604,4566,4314
HX05,551,732,3437,2879
HX06,943,1182,6804,5949
HX07,713,828,4636,4602
IG01,11488,9834,22227,13204
IG02,3244,3299,10325,7432
IG03,5327,4948,13395,8630
IG04,953,992,3755,2817
IG05,1340,1558,6479,5352
IG06,2399,2776,10613,8359
IG07,1339,1643,8258,7349
IG08,2395,2806,14011,12381
IG09,557,615,5101,4873
IG10,1572,1901,12004,11384
IG11,9131,8939,18089,10929
IP01,2681,2844,13411,10419
IP02,2030,2425,10392,8031
IP03,1807,2279,11894,9520
IP04,2004,2187,13359,11266
IP05,539,618,7554,7212
IP06,422,499,7119,6720
IP07,465,628,6500,5989
IP08,290,365,4555,4156
IP09,300,336,4656,4453
IP10,73,85,1481,1440
IP11,1146,1495,11976,10272
IP12,883,916,9775,9370
IP13,559,616,7753,7616
IP14,1234,1524,16081,14594
IP15,80,93,887,934
IP16,323,355,2504,2227
IP17,401,511,4805,4693
IP18,119,145,1432,1454
IP19,287,334,4083,3806
IP20,249,271,3284,3072
IP21,249,313,4703,4434
IP22,811,841,8855,8195
IP23,201,269,3045,2817
IP24,1789,2239,9482,7585
IP25,663,795,7375,6613
IP26,297,365,3433,3252
IP27,913,1095,6206,5526
IP28,1053,1302,9249,8932
IP29,217,267,3793,3659
IP30,369,464,5811,5532
IP31,523,709,8418,7976
IP32,776,966,5764,5299
IP33,1111,1326,8356,7440
IV01,186,163,1031,955
IV02,2343,2830,18134,16584
IV03,1471,1674,6124,4957
IV04,166,197,1853,1682
IV05,49,55,541,529
IV06,163,213,1825,1731
IV07,182,240,2396,2273
IV08,34,29,367,386
IV09,56,54,471,468
IV10,103,125,1100,1057
IV11,48,54,325,315
IV12,606,783,4721,4337
IV13,11,19,280,232
IV14,60,95,856,778
IV15,336,368,1973,1750
IV16,61,75,709,659
IV17,379,460,2144,1868
IV18,309,373,2072,1739
IV19,229,271,1716,1539
IV20,133,180,1163,1055
IV21,50,51,458,398
IV22,54,71,620,533
IV23,36,41,363,320
IV24,41,66,575,520
IV25,84,110,979,950
IV26,107,123,720,695
IV27,157,161,1458,1255
IV28,16,14,194,192
IV30,1594,1934,12463,11232
IV31,331,421,2593,2300
IV32,192,190,1856,1775
IV36,702,940,6013,5411
IV40,119,168,979,873
IV41,31,21,138,126
IV42,17,22,198,181
IV43,14,14,123,98
IV44,10,12,111,98
IV45,13,4,122,109
IV46,5,5,39,34
IV47,17,22,261,215
IV48,0,3,37,32
IV49,65,63,452,384
IV51,214,279,2031,1814
IV52,18,24,119,129
IV53,6,3,65,59
IV54,44,75,569,479
IV55,40,49,534,494
IV56,10,5,151,124
IV63,122,126,1042,965
KA01,1430,1833,9806,8569
KA02,287,389,2526,2318
KA03,1838,2532,13500,12243
KA04,258,327,1928,1789
KA05,375,591,3561,3019
KA06,950,1238,6565,5654
KA07,1209,1416,10429,9976
KA08,1252,1688,5541,4334
KA09,645,753,5960,5587
KA10,636,785,6094,5800
KA11,1129,1544,7173,6345
KA12,1126,1556,5573,4517
KA13,996,1301,5571,4841
KA14,31,24,184,162
KA15,312,390,2601,2310
KA16,188,181,1130,882
KA17,164,210,1524,1315
KA18,1032,1420,7048,5755
KA19,344,468,2667,2372
KA20,690,847,2661,2195
KA21,846,953,3822,3282
KA22,666,960,3442,2971
KA23,205,248,2030,1976
KA24,299,439,2049,1833
KA25,413,557,2246,1856
KA26,517,666,3705,3148
KA27,235,307,1837,1749
KA28,46,73,429,363
KA29,60,78,619,590
KA30,452,618,4174,3757
KT01,1942,2081,7677,6190
KT02,2321,2750,12088,10938
KT03,3310,3658,15896,13673
KT04,1572,1772,11758,10797
KT05,1357,1442,7763,6721
KT06,2071,2415,11944,10540
KT07,453,489,4128,4167
KT08,1035,1159,8052,7708
KT09,1351,1501,7980,7125
KT10,956,940,9364,9384
KT11,914,951,7178,7308
KT12,1803,1995,15354,14880
KT13,998,1145,10366,10066
KT14,604,639,5458,5287
KT15,1275,1414,11600,10842
KT16,851,1035,7907,7383
KT17,1173,1163,9867,9123
KT18,726,869,6612,6596
KT19,2083,2401,13616,12655
KT20,687,869,8742,8550
KT21,436,526,5529,5547
KT22,1117,1158,10211,9733
KT23,346,330,4544,4543
KT24,244,262,3954,4051
KW01,439,518,3872,3356
KW02,5,2,33,26
KW03,34,42,411,365
KW05,8,15,129,114
KW06,15,8,164,119
KW07,2,4,47,37
KW08,27,38,320,271
KW09,64,98,653,572
KW10,75,87,614,545
KW11,8,8,52,42
KW12,41,61,646,601
KW13,2,4,36,32
KW14,631,714,4407,3745
KW15,410,504,2941,2706
KW16,148,224,1356,1251
KW17,372,422,3592,3283
KY01,1375,1760,8474,7017
KY02,1504,2049,10353,9151
KY03,539,651,3959,3611
KY04,1140,1581,7665,6369
KY05,1089,1550,6538,5272
KY06,1074,1351,6257,5487
KY07,1499,1829,9357,8163
KY08,1872,2428,11510,9863
KY09,71,72,727,750
KY10,396,491,3334,3143
KY11,3274,3990,21755,19566
KY12,1889,2221,14294,12895
KY13,367,410,4697,4665
KY14,218,294,2651,2441
KY15,768,1009,8156,7652
KY16,1176,1357,6336,5832
L01,667,576,1513,839
L02,94,58,265,122
L03,1151,1079,3461,2174
L04,4080,4961,9849,6771
L05,1502,1854,3247,1985
L06,2961,2936,5297,3018
L07,2609,2379,3876,2030
L08,4487,4568,7286,4473
L09,2398,3095,9235,7073
L10,901,1288,5086,4222
L11,2529,3474,7332,5521
L12,1656,2181,10818,9685
L13,2801,3327,8252,5945
L14,2170,3066,7767,6283
L15,2559,2700,7225,5482
L16,691,839,5385,4950
L17,1644,1731,7179,6115
L18,1297,1578,8959,8241
L19,1546,1843,7768,6722
L20,3268,3825,8450,5877
L21,1993,2609,6908,5334
L22,975,1076,4506,3769
L23,1604,1927,11125,10260
L24,1350,1870,4696,3458
L25,2029,2416,11770,10178
L26,1062,1321,5211,4602
L27,544,802,1782,1332
L28,647,851,1698,1082
L29,23,23,210,201
L30,1515,2024,5747,4513
L31,1254,1431,11505,10529
L32,1769,2331,5891,4412
L33,1575,2124,5084,3908
L34,655,759,4650,3887
L35,1699,2394,10598,8803
L36,3153,4287,12499,10254
L37,822,950,9193,8992
L38,86,90,1056,1062
L39,1055,1163,10064,9556
L40,578,608,7665,7175
L41,113,129,105,51
L43,87,128,149,122
L45,21,24,59,37
L46,18,26,75,35
L47,15,13,38,29
L48,12,14,50,38
L60,6,17,94,88
L61,13,12,40,50
L62,29,30,66,48
L63,19,19,80,47
L64,28,24,109,99
L65,24,24,57,29
L66,25,29,120,98
LA01,3417,3969,15091,12750
LA02,628,739,8543,8235
LA03,1441,1652,9047,7850
LA04,1477,1744,8714,7370
LA05,505,617,6432,6164
LA06,310,382,5548,5506
LA07,133,156,2057,1983
LA08,188,219,3862,3716
LA09,1176,1452,11561,10632
LA10,109,102,1405,1344
LA11,245,289,4058,3960
LA12,670,818,7926,7255
LA13,1030,1253,6800,5951
LA14,2561,3001,11764,9404
LA15,333,445,2778,2439
LA16,100,132,1361,1175
LA17,19,34,503,471
LA18,351,457,2910,2394
LA19,18,39,424,395
LA20,16,37,532,497
LA21,31,42,406,372
LA22,230,238,1834,1683
LA23,435,437,3323,2965
LD01,352,441,4483,4068
LD02,150,170,2194,2051
LD03,758,802,7553,6972
LD04,19,22,312,289
LD05,30,44,446,397
LD06,76,116,1084,972
LD07,116,171,1875,1665
LD08,98,119,1818,1729
LE01,1825,1659,2868,1417
LE02,9407,10387,35670,28259
LE03,8157,9389,33121,24972
LE04,9517,11502,32763,24196
LE05,8923,10165,28618,20906
LE06,324,425,4843,4449
LE07,1316,1710,19414,18116
LE08,994,1324,15051,14487
LE09,1811,2272,22766,20962
LE10,1770,2120,19884,17795
LE11,3931,4007,19528,15085
LE12,2037,2503,25825,24307
LE13,1081,1394,9968,8740
LE14,402,508,7455,7113
LE15,1002,1314,13051,12448
LE16,1237,1399,14158,13497
LE17,567,673,9111,8450
LE18,1397,1866,11843,10314
LE19,452,627,5955,5610
LE65,529,636,6289,5785
LE67,2253,2873,23660,20922
LL11,1856,2359,13413,11415
LL12,1209,1380,10519,9581
LL13,2275,2642,10996,8961
LL14,1703,2456,11070,9135
LL15,381,438,4007,3786
LL16,649,821,5619,5178
LL17,176,222,2172,2061
LL18,2588,3208,13951,11954
LL19,959,1243,7204,6415
LL20,358,357,3167,2773
LL21,197,255,2611,2338
LL22,666,876,6995,6274
LL23,128,133,1580,1352
LL24,52,77,870,717
LL25,21,14,190,181
LL26,182,240,1622,1410
LL27,33,50,319,280
LL28,491,620,5084,4873
LL29,1208,1425,6790,6018
LL30,1110,1349,7318,6540
LL31,387,488,3629,3449
LL32,286,371,2461,2305
LL33,194,227,1369,1263
LL34,191,287,1545,1410
LL35,20,27,295,248
LL36,147,204,1664,1460
LL37,14,20,245,190
LL38,15,40,282,217
LL39,8,15,87,73
LL40,161,185,1579,1397
LL41,306,423,2123,1714
LL42,137,171,776,639
LL43,11,16,212,188
LL44,24,37,377,370
LL45,29,16,241,228
LL46,51,57,664,614
LL47,14,31,234,198
LL48,100,123,889,808
LL49,221,217,1500,1271
LL51,27,27,341,290
LL52,78,95,1004,957
LL53,487,568,6106,5609
LL54,441,499,4133,3737
LL55,1011,1212,7299,6560
LL56,101,90,833,785
LL57,1795,1820,7577,6407
LL58,141,189,1404,1260
LL59,256,251,2065,1975
LL60,100,109,1192,1120
LL61,212,223,2328,2210
LL62,63,46,718,662
LL63,48,58,516,448
LL64,34,29,308,275
LL65,1261,1492,8232,7151
LL66,7,9,111,102
LL67,51,78,497,453
LL68,257,319,2272,2002
LL69,24,34,288,230
LL70,9,12,113,114
LL71,69,70,702,646
LL72,34,46,266,239
LL73,1,2,91,90
LL74,73,66,973,940
LL75,54,51,542,526
LL76,11,11,124,115
LL77,270,376,2520,2369
LL78,13,16,202,208
LN01,1256,1435,9783,8513
LN02,2195,2631,13363,11571
LN03,286,342,3907,3593
LN04,1255,1606,15360,14026
LN05,1938,2123,11396,9413
LN06,2554,3166,21648,19539
LN07,191,244,2612,2401
LN08,542,689,7085,6459
LN09,329,364,3885,3535
LN10,140,166,2493,2342
LN11,1058,1298,10981,10262
LN12,570,700,4949,3977
LN13,323,358,3224,2946
LS01,299,310,868,511
LS02,973,811,1402,679
LS03,346,334,553,307
LS04,833,830,2257,1603
LS05,610,763,2389,1866
LS06,3366,3251,8724,6497
LS07,3097,3623,8587,6813
LS08,4627,5065,15091,11810
LS09,4552,5272,9358,5217
LS10,2974,4021,10478,7508
LS11,3978,4433,9267,5449
LS12,3274,3954,12301,9004
LS13,2574,3459,10928,8740
LS14,2691,3654,10607,8434
LS15,1798,2243,12691,10978
LS16,1731,2093,13125,12295
LS17,1741,2383,17046,15906
LS18,1239,1068,8234,7146
LS19,801,1015,7430,6904
LS20,498,551,4824,4631
LS21,698,863,6973,6585
LS22,471,570,6511,6385
LS23,276,303,3469,3460
LS24,359,464,4768,4469
LS25,1523,2091,15714,14229
LS26,1315,1818,11069,9883
LS27,1845,2515,12979,10875
LS28,1745,2385,14329,12994
LS29,1071,1163,12706,12564
LS42,0,0,0,1
LU01,6262,5588,15126,9396
LU02,4182,4928,21976,17500
LU03,5093,6373,22006,16288
LU04,5185,6420,18029,12209
LU05,2131,2737,15142,12509
LU06,1289,1650,13667,12020
LU07,2047,2478,23306,21218
M01,1044,750,2556,1265
M02,15,12,53,30
M03,1181,995,3836,2231
M04,1078,909,3696,2337
M05,1891,1947,4902,3168
M06,3405,3354,9779,6884
M07,3470,3007,8433,5628
M08,4850,4439,10211,5795
M09,4172,5111,11390,8323
M10,83,68,67,21
M11,2628,3227,5805,3889
M12,3115,2671,4905,2646
M13,3893,3152,5990,3126
M14,6238,5386,10755,6546
M15,2664,2105,5503,3042
M16,3819,4127,11354,8396
M17,3,5,14,4
M18,2739,3146,6233,4148
M19,3938,4002,11388,8388
M20,3366,3688,15832,13787
M21,2178,2435,10013,8861
M22,3794,4641,12342,9657
M23,2516,3122,9496,7883
M24,3335,4038,15820,12956
M25,1922,2163,11051,9635
M26,2066,2583,12205,10480
M27,2379,2898,13909,11911
M28,1862,2167,15374,14092
M29,1006,1193,8786,7982
M30,2802,3237,12140,9418
M31,717,879,2532,2158
M32,2104,2497,9544,8251
M33,2925,3323,22614,20792
M34,2588,3164,16526,14116
M35,1293,1542,6970,5837
M38,1160,1557,3738,2801
M40,4399,5233,12116,8629
M41,1867,2178,15343,14279
M43,1425,2012,7880,6349
M44,1089,1417,6831,5773
M45,1291,1629,7977,7154
M46,1138,1400,7658,6340
M50,316,309,1472,892
ME01,1791,2249,11239,9703
ME02,2210,2860,15189,13063
ME03,1078,1314,11587,10579
ME04,2861,3106,10100,7332
ME05,2462,3300,19522,17034
ME06,487,647,4057,3706
ME07,3862,4786,17101,13660
ME08,2150,2639,18923,17007
ME09,791,911,9150,8449
ME10,2672,3206,17651,15226
ME11,292,353,1216,976
ME12,2152,2805,14088,11655
ME13,1336,1612,10255,9449
ME14,1496,1677,12473,10736
ME15,2605,3157,18680,15898
ME16,1532,1900,12180,10508
ME17,760,881,10535,9700
ME18,221,248,2961,2797
ME19,724,894,9431,9262
ME20,804,945,8190,7697
MK01,69,63,306,168
MK02,1385,1817,5134,3808
MK03,1409,1821,9309,8262
MK04,1130,1455,8230,7737
MK05,913,1034,5695,5255
MK06,3539,4152,9191,6318
MK07,768,946,5715,5159
MK08,713,949,5066,4461
MK09,499,451,1356,663
MK10,966,1256,7060,6472
MK11,542,698,3424,3085
MK12,1150,1387,4870,3715
MK13,1566,1795,6821,5442
MK14,1776,2148,7756,5990
MK15,405,446,2833,2665
MK16,743,877,7380,6896
MK17,514,569,7886,7706
MK18,1503,1563,12991,12541
MK19,369,430,4923,4670
MK40,2927,2903,12109,9098
MK41,2288,2663,15642,14207
MK42,3437,4645,17679,14221
MK43,1379,1415,15448,14906
MK44,476,479,6875,6723
MK45,1470,1653,19100,18065
MK46,253,323,3699,3554
ML01,3240,4212,18836,15621
ML02,2276,2851,12603,10405
ML03,2972,3800,17784,14954
ML04,1498,1987,6864,5569
ML05,2949,3770,14541,11840
ML06,2998,3899,18451,15611
ML07,749,1023,5116,4251
ML08,683,987,7253,6628
ML09,1214,1658,8193,7056
ML10,401,474,4396,4218
ML11,1330,1883,12726,11279
ML12,220,392,3632,3327
N01,11037,12121,26150,18888
N01C,79,121,262,183
N02,2292,2476,9225,8229
N03,2495,2755,11718,10061
N04,7611,7283,15921,11074
N05,2547,2866,7800,6288
N06,1513,1805,7209,6444
N07,6225,6628,13475,9325
N08,4910,4883,13475,10738
N09,7100,8290,15808,11194
N10,2587,2967,9481,8382
N11,3136,3418,10921,8333
N12,2813,3135,12593,10541
N13,3421,3454,12427,9492
N14,2128,2519,12306,10304
N15,8474,7552,13776,8018
N16,9475,8766,18100,12093
N17,12512,12319,19189,11786
N18,4994,5552,9926,6656
N19,4418,5033,10133,7820
N20,1383,1547,8120,7462
N21,1325,1491,9182,8419
N22,6706,6422,14823,9776
NE01,894,661,1865,818
NE02,1600,1420,5627,4121
NE03,2969,3719,17964,15572
NE04,5230,4499,9458,5021
NE05,3133,4289,14597,11208
NE06,4502,5160,12057,8366
NE07,817,1034,5307,4481
NE08,3234,3198,8353,4910
NE09,2225,2916,11280,8906
NE10,2347,3137,10106,7348
NE11,937,1279,5218,4034
NE12,1963,2648,11661,9908
NE13,608,741,6442,6051
NE15,2213,2878,10278,8085
NE16,1000,1408,8921,7719
NE17,258,337,1505,1230
NE18,25,27,390,377
NE19,40,71,880,848
NE20,317,342,5114,5049
NE21,939,1316,5735,4570
NE22,842,1047,6133,5338
NE23,1816,2611,13630,11686
NE24,2100,2930,12697,10509
NE25,1208,1539,11026,10241
NE26,868,951,6951,6515
NE27,676,957,4973,4399
NE28,3143,4225,13584,10555
NE29,2540,3152,10414,8368
NE30,897,1073,7929,7341
NE31,1319,1684,6671,5388
NE32,1658,2172,7470,5851
NE33,2259,2187,8060,5715
NE34,3218,4163,15790,12834
NE35,367,481,2106,1720
NE36,247,295,2495,2366
NE37,1386,1942,5956,4664
NE38,1828,2468,10979,9201
NE39,356,505,3080,2674
NE40,674,972,5394,4722
NE41,73,67,889,836
NE42,570,839,4356,3926
NE43,110,133,1800,1785
NE44,24,29,434,451
NE45,104,142,1443,1410
NE46,590,734,5662,5384
NE47,247,298,3136,2980
NE48,121,161,1758,1549
NE49,144,249,1591,1281
NE61,1120,1565,12761,11803
NE62,407,567,3243,2704
NE63,1678,2235,8817,6986
NE64,345,499,1891,1471
NE65,648,872,7939,7294
NE66,549,779,6672,6141
NE67,22,20,383,375
NE68,55,59,706,650
NE69,8,10,138,142
NE70,54,77,698,677
NE71,88,117,1167,1072
NG01,1098,979,2194,1181
NG02,3950,4372,18586,15477
NG03,3873,4964,14970,11505
NG04,2093,2764,14040,12066
NG05,5736,7690,27952,23607
NG06,2991,4108,10661,8279
NG07,5897,5454,10704,5721
NG08,4899,6687,19166,15045
NG09,3999,4636,25198,21632
NG10,2409,2976,16729,14450
NG11,2316,2992,12331,10169
NG12,1191,1487,13315,12616
NG13,646,779,8510,8182
NG14,583,700,7545,7132
NG15,1839,2535,15708,13705
NG16,2594,3471,23673,20539
NG17,3662,4604,25076,21120
NG18,2536,2789,14509,12199
NG19,2531,3224,18700,15714
NG20,1522,2075,8953,7058
NG21,926,1232,8591,7632
NG22,1093,1403,10575,9486
NG23,417,458,7628,7415
NG24,2374,3042,16556,13959
NG25,283,337,3378,3365
NG31,2422,3088,16274,13609
NG32,368,405,5614,5289
NG33,281,340,4115,3858
NG34,1546,1774,16113,14878
NN01,3819,3404,10543,6603
NN02,2903,3084,13946,11020
NN03,5130,6286,27398,22749
NN04,2412,2917,18551,16513
NN05,2464,2988,15186,12379
NN06,983,1074,14995,14442
NN07,789,948,12221,11625
NN08,3589,4150,18240,14640
NN09,1004,1247,10978,9877
NN10,1608,2022,15156,13527
NN11,1819,2334,15443,13252
NN12,750,885,10445,9742
NN13,633,787,8462,7919
NN14,1344,1638,18023,16832
NN15,1493,1891,14738,13372
NN16,2211,2591,10420,7826
NN17,2029,2406,10789,8677
NN18,2767,3436,12675,9956
NN29,353,414,4607,4330
NP01,85,92,210,141
NP02,32,28,120,68
NP02O,0,0,1,0
NP03,35,39,111,62
NP04,1828,2537,16036,14033
NP05,11,13,46,36
NP06,32,34,150,80
NP07,883,1094,10296,9743
NP08,135,189,2177,2107
NP09,75,42,166,71
NP10,923,1159,9372,8842
NP11,1759,2304,12762,10731
NP12,1463,1942,11589,10121
NP13,935,1377,6526,5044
NP15,130,156,3257,3133
NP16,871,1020,9147,8487
NP18,562,674,6597,6209
NP19,3986,4678,17456,13782
NP20,3595,4287,16715,13250
NP22,1152,1561,7136,5777
NP23,1569,2172,11019,8947
NP24,312,385,1479,1081
NP25,512,570,6194,5806
NP26,775,991,8999,8214
NP44,2468,3128,16772,14428
NR00,0,0,0,1
NR01,1954,2076,8755,6757
NR02,1739,1978,7940,6921
NR03,2627,2925,10565,8042
NR04,1193,1436,7315,6721
NR05,1997,2382,9010,7497
NR06,892,1096,9277,8332
NR07,1224,1471,12605,11409
NR08,638,767,8490,8182
NR09,470,556,7358,7124
NR10,613,767,9199,8792
NR11,535,654,7416,7057
NR12,607,677,8587,8018
NR13,709,827,11079,10687
NR14,730,741,10373,10061
NR15,433,532,6345,6208
NR16,307,381,5190,4996
NR17,554,632,6583,6055
NR18,640,791,7390,7094
NR19,801,974,7399,6605
NR20,544,633,7804,7356
NR21,528,629,6281,5768
NR22,35,46,331,309
NR23,122,136,1122,1023
NR24,118,136,1741,1657
NR25,305,322,3320,3140
NR26,296,371,2949,2794
NR27,518,550,4184,3828
NR28,642,727,6451,6011
NR29,615,784,8390,7701
NR30,2406,2557,9285,6812
NR31,2604,3120,17383,14638
NR32,2160,2352,13706,11813
NR33,1775,2039,14168,12587
NR34,702,864,8749,7996
NR35,369,431,4336,3975
NW01,7467,8129,16554,11100
NW02,11773,10434,26137,17001
NW03,4965,5897,19855,16764
NW04,3928,3935,13601,10303
NW05,3532,4015,8426,6728
NW06,8920,8998,22415,17156
NW07,2076,2500,10905,9599
NW08,4112,4922,12571,9599
NW09,9967,9905,27817,18520
NW10,18031,16462,31412,20340
NW11,3733,3544,14139,12254
OL01,2111,2490,6115,4436
OL01O,1,0,0,0
OL02,2041,2548,14695,12824
OL03,545,525,6108,5899
OL04,2948,3610,14551,11402
OL05,545,683,4024,3517
OL06,2208,2641,9353,7006
OL07,1190,1575,5439,4064
OL08,3641,4513,11760,7844
OL09,3094,3631,12990,9699
OL10,1912,2367,9352,7761
OL11,3203,3983,14873,11803
OL12,2787,3434,15519,13055
OL13,842,1092,5669,4855
OL14,823,1109,5291,4776
OL15,620,739,5526,4971
OL16,2692,3202,12270,9714
OX01,1759,1424,6155,4866
OX02,3118,3334,13520,12363
OX03,3558,4317,13669,11358
OX04,6194,6351,18062,13692
OX05,1453,1483,9263,8235
OX06,33,26,69,60
OX07,863,1090,9568,9208
OX08,47,46,154,124
OX09,570,642,5990,5747
OX10,1138,1334,10429,9812
OX11,1654,2193,15266,13549
OX12,1065,1308,10689,9788
OX13,490,629,5983,5677
OX14,2143,2531,16990,15208
OX15,609,670,8472,8297
OX16,3024,3773,16995,13485
OX17,476,595,7493,7256
OX18,910,1215,9820,9040
OX20,196,239,1942,1975
OX25,354,508,4226,4096
OX26,1849,2328,12957,11280
OX27,229,303,2902,2872
OX28,1307,1554,9929,9085
OX29,856,975,9902,9516
OX33,285,314,3146,2989
OX39,179,227,3265,3173
OX44,229,348,3369,3224
OX49,133,152,1720,1748
PA01,1576,1658,6999,5594
PA02,2279,2936,13208,11582
PA03,2011,2454,6892,5394
PA04,1384,1779,8514,7415
PA05,1402,1819,7018,5894
PA06,134,204,2699,2664
PA07,220,268,3197,3085
PA08,754,935,5303,4841
PA09,59,83,736,693
PA10,139,200,1456,1400
PA11,215,256,2272,2192
PA12,141,189,1262,1234
PA13,141,153,1807,1839
PA14,1238,1541,4801,4029
PA15,1389,1626,4460,3559
PA16,1971,2222,9048,8071
PA17,84,82,888,837
PA18,76,102,1027,1002
PA19,540,629,4107,3738
PA20,325,427,2094,1715
PA21,43,31,334,292
PA22,16,4,135,138
PA23,726,888,4330,4007
PA24,20,20,218,168
PA25,2,4,26,24
PA26,9,6,57,42
PA27,18,33,299,294
PA28,395,445,2538,2200
PA29,96,93,888,788
PA30,64,69,495,495
PA31,200,247,2043,1831
PA32,44,61,483,441
PA33,37,37,306,263
PA34,634,716,3753,3298
PA35,47,72,578,546
PA37,129,148,1197,1130
PA38,30,31,369,357
PA41,10,11,60,56
PA42,48,73,416,354
PA43,49,61,297,274
PA44,6,11,123,113
PA45,11,7,61,46
PA46,7,11,66,67
PA47,6,8,68,63
PA48,21,15,114,129
PA49,7,11,75,67
PA60,8,14,90,72
PA61,5,13,57,55
PA64,3,3,44,48
PA65,10,10,92,89
PA66,6,10,72,70
PA67,18,16,97,91
PA68,0,0,5,3
PA69,1,2,10,8
PA71,1,0,25,15
PA72,16,16,194,188
PA73,3,2,22,22
PA74,0,3,16,12
PA75,68,78,574,560
PA76,6,5,62,69
PA77,20,31,246,255
PA78,9,12,73,72
PA80,14,13,121,97
PA82,5,5,12,11
PA86,21,33,64,65
PA87,27,36,40,32
PA88,4,2,7,4
PE01,5139,5227,16140,10179
PE02,3066,3849,17459,14330
PE03,2379,3121,10417,7681
PE04,1542,2034,10411,8898
PE05,36,36,640,613
PE06,1152,1518,15236,14338
PE07,1771,2309,17713,15963
PE08,586,718,7182,6755
PE09,1244,1547,12423,11924
PE10,791,1025,9364,8782
PE11,1943,2223,17001,14134
PE12,1312,1603,16290,14397
PE13,1974,2155,13109,10913
PE14,688,797,8991,8272
PE15,1165,1470,11273,10049
PE16,372,497,4266,3699
PE17,59,43,140,90
PE18,50,77,105,82
PE19,1849,2235,17320,15832
PE20,506,609,5816,5286
PE21,2771,2829,14744,11706
PE22,510,589,6949,6294
PE23,290,326,3495,3209
PE24,470,565,4862,4064
PE25,1390,1519,7409,5939
PE26,400,522,4631,4192
PE27,901,1126,7886,6920
PE28,1494,1789,19496,18650
PE29,1831,2232,10449,8860
PE30,2816,3162,14775,12563
PE31,481,571,7765,7362
PE32,424,478,6411,6121
PE33,440,550,6066,5652
PE34,454,561,5678,5242
PE35,1,1,40,37
PE36,238,266,2306,2176
PE37,372,511,4267,3865
PE38,506,606,5944,5322
PH01,2411,3156,14738,12565
PH02,1583,1751,12958,11958
PH03,246,300,2628,2532
PH04,36,50,371,366
PH05,18,57,330,313
PH06,83,92,1003,989
PH07,372,461,3345,3083
PH08,89,95,795,758
PH09,16,39,362,340
PH10,458,517,4238,3896
PH11,139,185,1351,1165
PH12,48,71,821,743
PH13,178,208,1623,1416
PH14,48,71,845,834
PH15,165,204,1402,1241
PH16,168,196,1542,1417
PH17,11,5,77,67
PH18,25,39,313,260
PH19,1,4,40,34
PH20,59,86,624,558
PH21,92,105,842,779
PH22,205,250,1256,1129
PH23,25,30,321,330
PH24,19,23,311,286
PH25,27,31,370,363
PH26,157,165,1463,1347
PH30,0,0,6,4
PH31,19,20,232,239
PH32,34,42,286,238
PH33,693,892,4257,3593
PH34,35,42,448,405
PH35,27,18,132,109
PH36,36,60,527,490
PH37,5,12,63,52
PH38,10,12,79,81
PH39,25,21,168,171
PH40,21,20,124,101
PH41,71,58,354,311
PH42,2,7,39,32
PH44,3,0,4,6
PH49,39,57,429,376
PH50,48,82,329,243
PL01,2290,2317,7124,4682
PL02,2329,2766,9946,8201
PL03,1761,2103,10715,9493
PL04,2995,2699,8669,5946
PL05,2797,3775,13625,11351
PL06,1945,2479,15291,13689
PL07,1126,1463,11687,11107
PL08,196,167,2497,2502
PL09,1007,1257,11432,10789
PL10,157,186,1309,1211
PL11,513,677,3886,3449
PL12,885,1026,8422,7864
PL13,379,473,3857,3469
PL14,901,1199,9161,8640
PL15,627,785,8159,7585
PL16,48,60,842,794
PL17,338,360,4103,3734
PL18,168,240,2094,1996
PL19,594,659,6305,6096
PL20,410,494,4735,4616
PL21,597,703,7148,7059
PL22,133,153,1440,1446
PL23,132,151,1237,1207
PL24,436,571,3854,3611
PL25,1239,1369,9462,8604
PL26,1162,1245,10760,9727
PL27,381,492,4723,4615
PL28,197,207,1571,1523
PL29,35,26,366,364
PL30,258,281,4451,4240
PL31,783,954,5478,4792
PL32,139,208,1708,1604
PL33,77,68,759,729
PL34,68,78,711,672
PL35,32,34,405,399
PO01,2832,3202,7070,4619
PO02,3395,4152,13390,10138
PO03,1240,1443,7063,6012
PO04,2897,3274,13290,10705
PO05,2662,2580,7881,5494
PO06,2644,3140,14307,12369
PO07,1661,2041,16394,15281
PO08,1250,1509,14072,13160
PO09,3111,4103,16618,14581
PO10,642,761,7406,7083
PO11,656,703,7291,6764
PO12,2632,3115,16292,14161
PO13,1960,2503,12301,11268
PO14,1184,1327,12777,12228
PO15,870,917,8690,8127
PO16,1242,1352,12408,11418
PO17,213,223,2816,2610
PO18,470,519,5905,5801
PO19,1732,1957,10687,10228
PO20,1228,1351,13683,13094
PO21,2134,2148,14751,13119
PO22,1193,1365,11875,11213
PO30,1512,1788,10332,9593
PO31,675,777,5442,5095
PO32,433,490,3138,2912
PO33,1722,1983,10689,9720
PO34,60,73,914,911
PO35,148,127,1451,1395
PO36,828,961,5966,5479
PO37,466,492,3438,3045
PO38,583,652,4862,4497
PO39,97,122,1005,932
PO40,255,263,2147,2088
PO41,71,61,944,930
PR01,5516,5936,20895,15562
PR02,4246,5142,26945,23153
PR03,945,1153,16186,15471
PR04,1861,2323,24959,23327
PR05,1652,2061,15159,13532
PR06,1351,1604,13619,12467
PR07,2087,2605,22974,21072
PR08,2686,3143,19666,17980
PR09,1950,2243,15681,13881
PR25,1366,1729,11426,10452
PR26,479,526,5236,4982
RG01,5718,5434,14847,9062
RG02,3463,4050,14700,11192
RG03,28,23,86,47
RG04,1748,2165,15530,14440
RG05,1135,1270,10418,9673
RG06,2106,2267,14630,12599
RG07,1138,1344,13853,13299
RG08,750,686,7969,7719
RG09,1037,990,9533,9472
RG10,590,625,7708,7420
RG12,3140,3884,21565,18702
RG13,29,39,70,56
RG14,2052,2373,15179,13002
RG15,18,24,62,51
RG16,18,21,91,57
RG17,620,670,6002,5680
RG18,734,795,7392,6875
RG19,744,792,6511,6064
RG20,594,713,8185,7969
RG21,2144,2396,10090,7770
RG22,2081,2651,15520,13662
RG23,534,671,5070,4593
RG24,1661,2128,13377,11894
RG25,286,290,3646,3441
RG26,781,983,9133,8471
RG27,648,684,9497,9467
RG28,231,284,2355,2134
RG29,184,279,2684,2601
RG30,4010,4628,16157,12538
RG31,1198,1503,11116,10114
RG40,1080,1158,12334,11808
RG41,1063,1222,12104,11719
RG42,1117,1174,11114,10650
RG45,461,486,5771,5679
RH01,2617,3092,18029,16347
RH02,1057,1240,10172,9834
RH03,131,117,1811,1819
RH04,705,850,6080,5809
RH05,655,665,6954,6642
RH06,1392,1589,13036,12030
RH07,493,382,3892,3397
RH08,598,655,6087,6033
RH09,186,211,2218,2227
RH10,4019,4256,26962,22818
RH11,4668,5551,20301,15733
RH12,1881,2232,19367,18392
RH13,1354,1605,15535,14790
RH14,511,563,6562,6340
RH15,1456,1626,12333,11559
RH16,1610,1909,13805,13059
RH17,662,768,8030,7947
RH18,280,304,1934,1944
RH19,1445,1651,14030,13132
RH20,694,725,10899,10794
RM01,1521,1748,7737,6378
RM02,629,725,5089,4604
RM03,3131,4122,14905,12438
RM04,141,146,2000,1875
RM05,1230,1592,7036,6175
RM06,3418,3968,11740,8790
RM07,2335,2884,10340,8361
RM08,5034,5881,13933,9782
RM09,4076,5047,11434,7804
RM10,4587,5524,12003,8351
RM11,1435,1667,12528,11510
RM12,1860,2264,12841,11192
RM13,2121,2504,10846,8991
RM14,1028,1126,10698,10063
RM15,1913,2357,10928,9014
RM16,2096,2619,15810,13923
RM17,2089,2717,10527,7707
RM18,1511,1965,5921,4682
RM19,532,734,2668,1887
RM20,497,646,2540,1646
S01,675,483,1113,522
S02,3995,4655,10476,7023
S03,1992,1688,3635,1640
S04,1452,1457,3393,1843
S05,4778,6323,16298,11876
S06,3226,3914,19034,15988
S07,1258,1173,6047,5045
S08,2713,3210,14855,12658
S09,2310,2706,8409,5290
S10,2235,2222,13296,11726
S11,1774,1828,10804,9917
S12,1589,2246,11921,9508
S13,1560,2111,9851,7893
S14,838,1099,2181,1445
S17,483,573,6142,6014
S18,743,874,9535,9017
S19,4,8,44,33
S20,1156,1640,10976,9388
S21,747,1079,7510,6481
S25,814,1139,7723,6799
S26,869,1262,9633,8531
S30,32,26,132,117
S32,150,176,2344,2306
S33,144,157,1938,1875
S35,1328,1790,15209,13596
S36,975,1238,10901,9813
S40,1777,2150,12069,10272
S41,1840,2354,12345,10452
S42,1044,1378,10901,9675
S43,1883,2635,14176,11746
S44,1003,1345,7809,6525
S45,590,800,4884,4202
S60,1816,2496,14066,11596
S61,2040,2599,11383,9038
S62,1098,1506,6417,5021
S63,2511,3235,13443,10745
S64,1814,2266,10350,8222
S65,2539,3016,10122,7277
S66,2033,2835,16102,13729
S70,2622,3096,12942,9456
S71,2623,3300,15735,12754
S72,1367,1818,8682,6963
S73,1597,2049,9604,7718
S74,867,1284,6023,4905
S75,1547,2045,16820,14914
S80,1805,2106,10208,8144
S81,1399,1837,14078,12569
SA01,4451,4474,13697,9135
SA02,1729,1783,12805,11480
SA03,795,846,10336,10219
SA04,1483,1907,16676,15914
SA05,2168,2961,11253,9316
SA06,1637,2292,11322,9728
SA07,566,761,5596,5066
SA08,466,615,4762,4354
SA09,531,691,5613,5082
SA10,1011,1425,11271,10036
SA11,1715,2308,12058,9967
SA12,1783,2145,10607,9294
SA13,988,1277,6653,5395
SA14,1176,1488,12551,11610
SA15,1814,2129,12666,10740
SA16,315,394,3155,2821
SA17,355,411,3565,3226
SA18,1217,1378,10935,9917
SA19,285,345,3905,3676
SA20,115,137,1307,1164
SA31,784,946,5617,5281
SA32,154,190,3157,3092
SA33,315,390,5101,4803
SA34,132,138,2070,1938
SA35,14,27,356,321
SA36,10,8,137,130
SA37,31,39,584,528
SA38,144,166,1808,1683
SA39,69,82,1017,931
SA40,141,125,1117,1018
SA41,49,54,835,787
SA42,59,66,826,787
SA43,455,548,4848,4507
SA44,305,356,4580,4387
SA45,66,55,622,570
SA46,88,101,980,879
SA47,44,40,423,395
SA48,385,348,3329,3081
SA61,754,987,4741,4245
SA62,565,648,8446,8002
SA63,27,33,524,504
SA64,90,119,865,733
SA65,160,205,1615,1425
SA66,86,84,1270,1238
SA67,200,270,2882,2733
SA68,78,136,1665,1567
SA69,99,116,1449,1342
SA70,367,447,3385,3053
SA71,437,538,4085,3638
SA72,547,616,3507,3129
SA73,863,1117,7292,6409
SE01,9110,9146,19680,12223
SE02,3488,4087,8031,5965
SE03,2889,3428,11732,10042
SE04,3617,3939,8578,7070
SE05,7681,8458,13223,9196
SE06,6828,7509,16050,12956
SE07,2708,3187,6450,4671
SE08,4624,4993,8430,5756
SE09,5126,6029,21288,18160
SE10,2796,3345,10036,7915
SE11,3382,3510,6738,4269
SE12,2539,2970,8838,7503
SE13,5611,5858,12888,10078
SE14,4042,4143,7003,4892
SE15,11528,11638,17172,12476
SE16,5884,6696,14895,10354
SE17,6254,6432,8682,5065
SE18,12277,12734,22040,15005
SE19,2866,3458,9293,7788
SE20,2700,3019,7169,5936
SE21,1521,1629,5081,4767
SE22,3264,3540,9581,8324
SE23,3547,4062,10515,9089
SE24,1990,2095,5823,5119
SE25,4177,4826,10903,9036
SE26,3285,3939,8985,7572
SE27,2751,2901,6590,5414
SE28,3777,4735,7932,5712
SG01,3343,3885,18977,16037
SG02,2185,2752,15529,13655
SG03,237,283,2878,2746
SG04,1198,1403,11452,10841
SG05,1367,1600,12848,12143
SG06,1802,2158,12126,10987
SG07,524,569,5246,5042
SG08,1365,1574,15718,14539
SG09,272,313,4871,4757
SG10,43,61,831,827
SG11,257,230,3554,3385
SG12,1237,1346,11683,10865
SG13,728,769,6679,6416
SG14,848,972,7737,7254
SG15,236,258,2186,2045
SG16,176,213,2514,2442
SG17,482,517,5440,5139
SG18,995,1258,11129,10220
SG19,811,1074,10000,9258
SK01,759,935,3831,2994
SK02,1507,1789,10566,9584
SK03,1817,2230,9050,7841
SK04,1964,2052,13440,12155
SK05,2138,2747,9295,7609
SK06,1990,2332,19473,18113
SK07,1465,1582,16491,16030
SK08,2444,2772,23519,22276
SK09,1432,1623,15693,15093
SK10,1523,1620,15774,15295
SK11,1743,1989,13832,12470
SK12,590,595,7900,7802
SK13,1508,1915,12091,11039
SK14,2781,3396,16451,14009
SK15,1617,1821,9737,8466
SK16,1140,1364,6588,5479
SK17,1240,1412,11748,10398
SK22,504,601,4747,4211
SK23,595,640,7227,6635
SL00,438,493,4912,4496
SL01,7348,7410,26677,19637
SL02,4727,5525,20512,16125
SL03,2922,3780,18537,15507
SL04,2086,2471,17519,16216
SL05,1125,1244,10267,10502
SL06,3876,4381,32806,30228
SL07,735,809,8572,8593
SL08,202,205,2703,2707
SL09,867,907,9334,9419
SM01,2856,3391,14503,12088
SM02,1524,1909,11022,9990
SM03,1239,1402,8079,7257
SM04,3359,3596,13910,10601
SM05,2695,3254,13793,12569
SM06,2522,3021,13412,12011
SM07,614,649,7364,7405
SN01,3536,3182,11203,7295
SN02,3020,3702,14690,11249
SN03,3034,3888,19334,16183
SN04,1040,1269,11505,10702
SN05,1592,2193,13731,12002
SN06,821,944,9011,8446
SN07,471,646,5799,5403
SN08,941,1051,9585,9142
SN09,268,304,3256,3227
SN10,1210,1454,12030,11344
SN11,892,1138,8978,8380
SN12,1022,1133,10440,9608
SN13,633,782,6410,6263
SN14,1134,1286,10735,9947
SN15,1565,1785,14553,12456
SN16,401,431,5939,5685
SN25,1396,1784,15364,13755
SN26,44,48,877,785
SO01,54,41,155,61
SO02,79,44,142,64
SO03,33,22,121,81
SO04,33,29,137,108
SO05,33,21,132,68
SO14,3363,2740,7690,3986
SO15,3021,3149,13481,10245
SO16,4528,5518,22684,18494
SO17,1494,1424,5373,3708
SO18,2080,2468,12923,10893
SO19,3500,4465,19171,16206
SO20,272,288,3435,3217
SO21,586,725,8079,7746
SO22,1482,1702,9496,9056
SO23,1275,1343,7372,6867
SO24,358,391,4702,4649
SO30,949,1084,12693,12352
SO31,1500,1642,18558,17940
SO32,560,606,9055,9016
SO40,1406,1652,15936,14988
SO41,977,987,12826,12959
SO42,159,163,2024,1987
SO43,123,131,1842,1781
SO45,1304,1599,13307,12568
SO50,2252,2728,17948,16241
SO51,851,1037,11712,11457
SO52,172,241,2769,2623
SO53,1081,1230,12499,12111
SP01,1099,1152,7820,7206
SP02,1649,1863,10513,9402
SP03,338,432,4750,4634
SP04,1546,1885,13640,11676
SP05,581,662,9312,9203
SP06,357,379,5940,5757
SP07,478,627,5761,5595
SP08,455,541,5605,5446
SP09,472,895,3598,2793
SP10,2273,2872,14214,11976
SP11,971,1285,12116,11300
SR01,577,450,1242,495
SR02,2372,2565,10065,7738
SR03,2092,2829,12456,10099
SR04,3106,3887,11831,8776
SR05,2577,3201,9341,6829
SR06,1285,1523,10781,9426
SR07,1614,2216,9666,7687
SR08,2187,2984,10824,8528
SS00,3361,3632,13904,11385
SS01,2041,2240,9258,7843
SS02,2709,3293,12109,10139
SS03,1613,1952,10226,9376
SS04,867,1064,7992,7481
SS05,789,729,8999,8458
SS06,1140,1304,12182,11360
SS07,1846,2129,19734,18228
SS08,1897,2585,14326,12138
SS09,2169,2426,18923,17492
SS11,693,818,7464,6746
SS12,687,830,7289,6639
SS13,1642,2173,7882,6341
SS14,2145,2909,8832,6936
SS15,2211,2776,10904,9469
SS16,1962,2728,11015,9093
SS17,1377,1748,12807,11456
ST01,2662,2933,9839,6564
ST02,2153,2870,10646,8329
ST03,3843,4956,22373,17820
ST04,4043,4454,18106,14005
ST05,4329,5020,27425,23137
ST06,4462,5733,20719,15345
ST07,2011,2492,20677,18720
ST08,624,846,7669,6929
ST09,276,344,4951,4582
ST10,720,963,9912,8907
ST11,284,304,3959,3598
ST12,119,124,1501,1462
ST13,1063,1297,10253,9208
ST14,797,1001,7635,6736
ST15,684,849,8582,8002
ST16,1772,2048,10940,9192
ST17,1787,2248,13880,12495
ST18,404,418,7382,6890
ST19,456,524,6032,5738
ST20,174,205,2960,2737
ST21,106,165,2595,2495
SW01,39,39,64,43
SW01A,97,85,346,175
SW01E,125,92,455,248
SW01H,58,67,366,199
SW01P,1266,1539,4178,2867
SW01V,2242,2600,7037,5201
SW01W,872,981,2703,2210
SW01X,742,924,2506,2034
SW01Y,81,59,364,168
SW02,7458,7972,16503,12563
SW03,2175,2632,8648,7400
SW04,4863,4973,13772,10383
SW05,2277,1951,5958,3905
SW06,6163,7055,22274,18830
SW07,2943,2470,8748,6007
SW08,5518,5748,11417,7344
SW09,7709,7820,13386,8561
SW10,2017,2295,6625,5400
SW11,6907,8077,24678,20002
SW12,2583,2772,11119,9745
SW13,1065,1325,6298,5967
SW14,1096,1219,6615,6340
SW15,5441,6348,22919,19424
SW16,10622,10307,28148,21662
SW17,8504,7778,21215,16822
SW18,4787,5632,23405,20522
SW19,6838,7613,31819,27104
SW20,2114,2372,12336,11047
SY01,1572,1876,9061,7550
SY02,845,997,6418,5693
SY03,1381,1635,12468,11781
SY04,792,954,10108,9622
SY05,688,686,8699,8266
SY06,190,194,2852,2737
SY07,317,407,4520,4173
SY08,572,702,7296,6750
SY09,82,101,1123,999
SY10,403,515,6374,5921
SY11,1148,1376,9408,8453
SY12,272,311,3293,3036
SY13,722,803,7878,7158
SY14,150,188,2761,2733
SY15,119,135,2178,2092
SY16,807,894,5593,4888
SY17,84,114,1540,1387
SY18,131,137,1789,1594
SY19,27,24,448,391
SY20,256,304,2550,2352
SY21,556,751,6451,5865
SY22,256,253,3689,3432
SY23,1321,1463,8720,7705
SY24,166,205,1758,1605
SY25,136,181,1754,1601
TA01,2050,2339,14199,13079
TA02,1229,1461,10909,10088
TA03,334,372,6378,6231
TA04,550,618,7848,7751
TA05,283,360,4690,4492
TA06,2647,2916,17093,14374
TA07,413,444,6708,6444
TA08,590,666,6573,5900
TA09,539,614,5077,4552
TA10,312,278,4093,4016
TA11,233,305,3926,3872
TA12,167,205,2508,2438
TA13,91,129,1696,1689
TA14,85,118,1308,1199
TA15,17,23,277,275
TA16,50,64,772,740
TA17,8,14,240,260
TA18,314,401,4140,3830
TA19,299,376,4799,4703
TA20,759,823,7942,7160
TA21,707,846,7706,7241
TA22,59,84,1065,1073
TA23,240,298,2172,1978
TA24,674,862,6953,6348
TD01,892,1176,6339,5456
TD02,67,91,1089,1058
TD03,35,43,450,378
TD04,88,86,899,848
TD05,348,431,4366,4272
TD06,239,315,3198,3093
TD07,315,363,2707,2517
TD08,224,291,2304,2130
TD09,780,986,6572,5599
TD10,26,50,453,416
TD11,235,317,3032,2747
TD12,115,172,1708,1635
TD13,30,44,374,360
TD14,224,342,2421,2125
TD15,760,1001,6508,5684
TF01,2323,2725,13905,11520
TF02,2044,2438,13812,12052
TF03,1906,2422,8236,6526
TF04,980,1314,7352,6525
TF05,186,195,2032,1977
TF06,135,158,2405,2187
TF07,1442,1806,5462,4255
TF08,93,89,1214,1149
TF09,896,1095,10128,8934
TF10,612,624,7345,6824
TF11,366,398,4604,4349
TF12,199,222,2076,1918
TF13,114,134,1449,1453
TN01,811,922,4099,3342
TN02,1287,1592,10648,9900
TN03,317,385,4841,4708
TN04,1526,1831,11096,10336
TN05,281,333,3586,3581
TN06,808,1006,10313,9730
TN07,69,84,998,1020
TN08,488,597,5300,5159
TN09,1065,1167,6454,5863
TN10,771,895,5953,5714
TN11,423,512,5803,5649
TN12,1017,1303,11941,11286
TN13,978,1100,9679,9473
TN14,516,549,6584,6274
TN15,779,893,10533,10312
TN16,675,724,7966,7709
TN17,570,666,5526,5296
TN18,210,240,2650,2579
TN19,145,188,2177,2077
TN20,129,145,1579,1582
TN21,444,530,6901,6680
TN22,1001,1149,11040,10811
TN23,2553,3061,14675,12539
TN24,1889,2250,11789,10378
TN25,525,563,7577,7212
TN26,346,376,5106,4845
TN27,358,455,5773,5594
TN28,329,396,3479,3134
TN29,529,652,5328,4646
TN30,303,377,3872,3852
TN31,568,634,5616,5245
TN32,196,200,2161,2031
TN33,522,534,4947,4889
TN34,2230,2545,10078,8507
TN35,1079,1282,6262,5814
TN36,77,98,966,919
TN37,1415,1596,6787,5591
TN38,1923,2249,9413,8180
TN39,1093,1282,9856,9346
TN40,872,1061,6084,5710
TQ01,2015,2153,11391,9726
TQ02,2048,2413,12153,10869
TQ03,1602,1861,11125,10169
TQ04,854,974,7539,6784
TQ05,854,985,7256,6502
TQ06,306,426,3044,2751
TQ07,567,682,6700,6571
TQ08,73,69,721,676
TQ09,866,969,7287,7445
TQ10,121,164,1608,1585
TQ11,185,259,1596,1504
TQ12,2152,2543,21330,20209
TQ13,799,844,9601,9623
TQ14,823,963,7402,6954
TR01,1176,1423,7601,7233
TR02,323,397,4123,4034
TR03,375,414,5175,5095
TR04,386,437,4951,4828
TR05,160,147,1621,1641
TR06,148,178,1555,1435
TR07,1267,1364,8149,7314
TR08,320,345,4093,3847
TR09,302,396,3172,2921
TR10,550,598,3606,3334
TR11,1357,1544,10153,9697
TR12,295,322,3804,3567
TR13,689,850,7727,7422
TR14,1377,1435,9490,8313
TR15,1055,1149,7471,6672
TR16,558,617,6372,6059
TR17,64,82,590,561
TR18,1211,1381,6435,5763
TR19,401,456,3395,3270
TR20,299,341,3918,3738
TR21,77,96,574,470
TR22,7,5,22,21
TR23,2,6,31,24
TR24,5,7,43,23
TR25,3,3,48,38
TR26,590,631,4032,3756
TR27,631,748,5831,5410
TS01,2473,1899,3214,1348
TS02,144,147,224,125
TS03,2662,3303,6792,4756
TS04,1521,1845,4712,3459
TS05,2153,2693,13822,11719
TS06,1848,2502,9434,7540
TS07,699,959,8728,7876
TS08,970,1321,7483,6874
TS09,293,379,5340,5102
TS10,1995,2521,12443,10546
TS11,396,527,4423,3930
TS12,1025,1254,8015,7011
TS13,554,716,3365,2578
TS14,596,840,6952,6288
TS15,369,400,5870,5477
TS16,325,420,4046,3878
TS17,2040,2585,15673,13775
TS18,1556,1705,8203,6701
TS19,2082,2875,11168,9664
TS20,1054,1306,6706,5746
TS21,359,459,5134,4657
TS22,194,251,3963,3659
TS23,1609,2088,9425,7998
TS24,1583,1978,6078,4597
TS25,2070,2620,12100,10181
TS26,1202,1377,8609,7700
TS27,448,607,4434,3965
TS28,258,305,1775,1568
TS29,283,392,2097,1695
TW01,1563,1835,10424,9573
TW02,1865,2098,11456,10575
TW03,8796,6724,15272,9321
TW04,6002,4988,10558,6415
TW05,5282,4535,12120,7904
TW06,8,2,20,12
TW07,3617,4157,14770,11639
TW08,2177,2450,8096,6163
TW09,1583,1869,9138,8345
TW10,1453,1720,7886,7116
TW11,1359,1621,9108,8701
TW12,1323,1574,8823,8387
TW13,3528,4058,13067,9561
TW14,3181,3547,10659,7513
TW15,1242,1404,11357,10042
TW16,1000,1231,8519,7608
TW17,518,576,5971,5739
TW18,1325,1355,10433,9323
TW19,1111,1276,7101,5872
TW20,1562,1612,8822,7609
UB01,10414,7595,14538,8355
UB02,7843,5929,12004,7239
UB03,7531,7355,19039,12251
UB04,4824,4751,14663,10584
UB05,5203,6201,16542,11897
UB06,6415,6177,21344,14218
UB07,3237,3650,12066,8618
UB08,2953,3092,11829,9089
UB09,717,778,6155,5575
UB10,2106,2506,14023,12221
UNKNOWN,1710,1386,23163,15881
W01B,68,72,307,169
W01C,16,8,18,5
W01D,214,113,397,151
W01F,182,150,546,257
W01G,246,237,1082,789
W01H,876,768,2289,1499
W01J,205,154,744,454
W01K,388,405,1106,668
W01P,70,66,94,39
W01S,49,41,146,59
W01T,478,363,1144,593
W01U,531,546,1784,1209
W01V,92,61,101,49
W01W,429,475,1141,701
W01Y,65,55,115,60
W02,7515,6864,17012,11064
W03,7279,7010,21728,15385
W04,3660,4262,17779,15486
W05,4767,5017,21461,17299
W06,4069,4018,11634,9227
W07,3283,3499,10214,8365
W08,2142,2566,8277,7028
W09,4628,5002,12688,9432
W10,4711,5335,9398,7034
W11,3869,4346,10272,8313
W12,7111,7122,14795,10524
W13,3479,3439,12783,10160
W14,4631,5050,12943,9960
W17,9,7,10,10
W26,0,1,0,1
WA01,1121,1208,8457,7268
WA02,2651,3126,13459,10948
WA03,1802,2330,17812,16294
WA04,1792,2027,18943,17572
WA05,2675,3297,22929,20301
WA06,595,684,7887,7508
WA07,4257,5424,20995,17466
WA08,3533,4586,22190,18626
WA09,3235,4199,15933,12552
WA10,2235,2591,13180,11066
WA11,1737,2288,14623,12685
WA12,1216,1608,8374,7102
WA13,346,408,5290,5165
WA14,1491,1501,11690,10856
WA15,1826,1914,16955,15742
WA16,819,831,9698,9363
WC01A,105,98,306,136
WC01B,197,218,360,239
WC01E,237,240,481,306
WC01H,981,929,1822,1001
WC01N,798,804,1847,1149
WC01R,54,41,183,102
WC01V,61,42,102,50
WC01X,1021,963,1942,1211
WC02A,14,15,91,54
WC02B,201,165,478,258
WC02E,73,57,229,117
WC02H,409,314,812,380
WC02N,94,57,243,119
WC02R,41,31,137,80
WC24,2,0,5,1
WD01,61,53,141,76
WD02,100,73,211,91
WD03,1724,1853,16743,16398
WD04,354,372,4737,4545
WD05,491,510,4439,4321
WD06,2639,3056,15208,12887
WD07,467,569,5331,5223
WD17,1196,1246,6969,5732
WD18,2626,2990,9252,6514
WD19,1646,1928,10476,9532
WD23,1251,1473,10545,10328
WD24,1772,1958,8712,6859
WD25,1625,1970,11036,9961
WF01,2605,3009,12189,8954
WF02,2909,3730,17507,14649
WF03,1301,1781,12478,11244
WF04,1749,2322,16418,14483
WF05,884,1150,7649,6896
WF06,1177,1561,7541,6101
WF07,1031,1495,7574,6492
WF08,1660,2226,12090,10345
WF09,2478,3289,13302,10344
WF10,2843,3891,16232,12889
WF11,1021,1324,5771,4677
WF12,2074,2802,11438,8845
WF13,2269,2900,8028,5350
WF14,696,968,7377,6739
WF15,836,1101,6149,5397
WF16,723,953,3950,2925
WF17,2717,3675,13894,10290
WN01,1114,1233,6888,5353
WN02,2539,3293,17916,14809
WN03,1425,1921,10971,9074
WN04,1205,1523,10370,8934
WN05,2279,2851,15057,12319
WN06,1570,1933,15186,13683
WN07,2771,3337,16168,12956
WN08,3245,3948,15325,12564
WR01,769,686,3336,2501
WR02,1278,1414,10939,9915
WR03,840,950,8241,7495
WR04,1599,2001,8649,7400
WR05,1448,1818,12409,11115
WR06,308,325,5661,5450
WR07,110,121,2480,2418
WR08,223,222,3531,3383
WR09,1276,1508,12499,11814
WR10,484,685,7756,7437
WR11,1806,2100,17897,15833
WR12,148,194,2513,2439
WR13,209,226,3738,3655
WR14,1664,2001,12603,11804
WR15,246,245,2979,2753
WS01,2503,2971,7836,4874
WS02,3325,4538,11173,7338
WS03,3511,4486,15851,12404
WS04,916,1090,6120,5175
WS05,1023,1558,7766,6589
WS06,569,752,6698,5879
WS07,922,1266,11517,10277
WS08,830,1025,5533,4657
WS09,935,1175,9923,8927
WS10,3431,4568,14268,10463
WS11,1866,2458,15419,13286
WS12,1258,1719,13375,11758
WS13,1193,1365,10037,9063
WS14,560,623,6979,6689
WS15,1556,1955,14322,12689
WV01,1989,1946,4378,2682
WV02,2057,2245,4796,3117
WV03,2109,2371,10143,8192
WV04,1869,2421,12220,10116
WV05,419,552,6044,5583
WV06,2751,3151,16005,13734
WV07,367,270,2262,2052
WV08,713,1030,5574,5136
WV09,299,369,2644,2369
WV10,4549,5918,17194,13456
WV11,2010,2642,11756,9353
WV12,1279,1722,8797,7229
WV13,1584,2019,6714,5145
WV14,3273,4276,15016,11634
WV15,278,317,3482,3098
WV16,523,628,7044,6361
YO01,374,380,1453,1080
YO02,34,37,73,28
YO03,35,29,90,53
YO04,12,13,98,76
YO05,8,9,32,18
YO06,18,27,112,63
YO07,619,747,8062,7453
YO08,1854,2404,17441,15467
YO10,1520,1866,7098,6000
YO11,1425,1659,7482,5883
YO12,2219,2683,13112,11267
YO13,237,294,4234,4139
YO14,393,536,4316,3861
YO15,741,815,4800,3793
YO16,1141,1503,8631,7113
YO17,774,891,8700,7850
YO18,326,392,4495,4247
YO19,368,435,5074,4813
YO21,534,604,5375,4815
YO22,378,433,3225,2906
YO23,798,982,7180,6966
YO24,1712,2178,9970,9062
YO25,1004,1274,13354,12273
YO26,1459,1789,10880,9909
YO30,1416,1715,8949,8067
YO31,1584,1964,8732,7635
YO32,952,1261,10590,10299
YO41,247,344,4466,4324
YO42,451,579,6070,5851
YO43,335,398,5072,4776
YO51,150,179,2432,2370
YO60,105,107,1955,1958
YO61,359,439,5749,5681
YO62,350,390,4782,4572
ZE01,425,528,2736,2294
ZE02,566,760,5501,4910
ZE03,20,23,169,133
